Sentiment,AvgLikes,AvgRetweets
Negative,79.28571428571429,22.285714285714285
Neutral,80.34375,22.5625
Positive,68.66666666666667,22.90909090909091
