AgeGroup,AvgLikes,AvgRetweets
Adult,94.42857142857143,25.0
Senior,80.65714285714286,19.0
Teen,71.17241379310344,24.448275862068964
